Project,Project,Val C-Index (Mean),Val C-Index (STD),Val C-Index (CI),Val C-Index (Max),val_idx,C-Index (All),P-Value,95% CI,Val I-AUC (Mean),Val I-AUC (STD)
blca,blca,0.5039949450563295,0.04244584355760312,(0.458-0.572),0.5793056501021103,2,0.5115692951175698,0.7401336911831462,(0.000-0.000),0.48842818494747187,0.0716683105684826
brca,brca,0.5239042266230716,0.043010498282204754,(0.470-0.566),0.5668016194331984,2,0.5216070153971653,0.8107885471941683,(0.000-0.000),0.5338825455646131,0.04386216451481687
gbmlgg,gbmlgg,0.7335379368242071,0.028857854099465226,(0.698-0.765),0.7665745856353591,4,0.7243921845990628,8.448348370865996e-16,(0.000-0.000),0.7534490972491622,0.043637155796502604
luad,luad,0.5476677544467339,0.05045402686631895,(0.486-0.628),0.6369993642720916,4,0.5340985820391627,0.3008915452315396,(0.000-0.000),0.5686517048826674,0.054624814214992476
ucec,ucec,0.5974173240281283,0.05878077595160311,(0.497-0.649),0.6511904761904762,2,0.6006191950464397,0.03491666047998527,(0.000-0.000),0.6277108737257674,0.07422545836086329
