,folds,val_cindex
0,0,0.8177550149381135
1,1,0.8078924544666088
2,2,0.8207767898923725
3,3,0.8332603938730854
4,4,0.8011049723756906
