,folds,val_cindex
0,0,0.4720161834120027
1,1,0.45625841184387617
2,2,0.5793056501021103
3,3,0.5026315789473684
4,4,0.5097629009762901
