,folds,val_cindex
0,0,0.566358024691358
1,1,0.4107981220657277
2,2,0.5101214574898786
3,3,0.5615458015267175
4,4,0.6334296724470135
