,folds,val_cindex
0,0,0.8390951771233461
1,1,0.8061578490893322
2,2,0.8062704726251755
3,3,0.8341356673960613
4,4,0.7794659300184162
