Project,Project,Val C-Index (Mean),Val C-Index (STD),Val C-Index (CI),Val C-Index (Max),val_idx,C-Index (All),P-Value,95% CI,Val I-AUC (Mean),Val I-AUC (STD)
blca,blca,0.5361642025663924,0.038474834181287894,(0.488-0.582),0.5833900612661674,2,0.5215432876638871,0.7296150999383456,(0.000-0.000),0.5334540193106404,0.0630693183916978
brca,brca,0.5643633588961597,0.05025520330573485,(0.508-0.633),0.6364503816793893,3,0.5661262363617824,0.030104685508303024,(0.000-0.000),0.5909475117109426,0.05528204298188289
gbmlgg,gbmlgg,0.7869566888734505,0.027816762144164935,(0.741-0.817),0.8192560175054705,3,0.7774909380249315,1.2330891247627086e-18,(0.000-0.000),0.8072760900059268,0.047917372355003575
luad,luad,0.5593035932041819,0.06017590075580599,(0.466-0.623),0.625,0,0.536046330442009,0.8477304064235777,(0.000-0.000),0.5738642321140025,0.06700825747876756
ucec,ucec,0.6250755279320096,0.05744674289427944,(0.529-0.682),0.6837315130830489,3,0.6006191950464397,0.00666993858682373,(0.000-0.000),0.6676407449074009,0.06833483010830617
