,folds,val_cindex
0,0,0.8181818181818182
1,1,0.8087597571552472
2,2,0.8039307440336921
3,3,0.8148796498905908
4,4,0.8139963167587477
