,folds,val_cindex
0,0,0.4279835390946502
1,1,0.5046948356807511
2,2,0.448235974551764
3,3,0.6221374045801527
4,4,0.603082851637765
