,folds,val_cindex
0,0,0.7014388489208633
1,1,0.575
2,2,0.6416666666666667
3,3,0.5915813424345847
4,4,0.5588571428571428
