Project,Project,Val C-Index (Mean),Val C-Index (STD),Val C-Index (CI),Val C-Index (Max),val_idx,C-Index (All),P-Value,95% CI,Val I-AUC (Mean),Val I-AUC (STD)
blca,blca,0.610643391545603,0.04886246655666249,(0.530-0.655),0.6554281861092379,0,0.6040834383462477,0.0037851787893667635,(0.000-0.000),0.633608325259721,0.07784293094111465
brca,brca,0.5445584274525311,0.07141721239466339,(0.463-0.632),0.6340648854961832,3,0.5513816661568267,0.10861498952625821,(0.000-0.000),0.5505661362738199,0.08505229081097415
gbmlgg,gbmlgg,0.8052409741955749,0.014288787908770553,(0.780-0.813),0.8130601792573624,0,0.8025373530191848,7.234528109845543e-25,(0.000-0.000),0.8386351382567951,0.01631467064787863
luad,luad,0.5953071059103525,0.060771661073695804,(0.494-0.653),0.6541609822646658,1,0.589544486573521,0.4322645205128771,(0.000-0.000),0.601700899121105,0.06982377617848073
ucec,ucec,0.6152507152279576,0.019751312174353396,(0.586-0.638),0.6390887290167866,0,0.6144144964487342,8.237186988002423e-05,(0.000-0.000),0.621664056510579,0.027697260005776447
