,folds,val_cindex
0,0,0.5664194200944033
1,1,0.5780619111709286
2,2,0.6548672566371682
3,3,0.6325657894736842
4,4,0.5125523012552301
