,folds,val_cindex
0,0,0.6453135536075523
1,1,0.6063257065948856
2,2,0.6786929884275017
3,3,0.6111842105263158
4,4,0.5801952580195258
