,folds,val_cindex
0,0,0.5488873904248146
1,1,0.5437415881561238
2,2,0.5282505105513955
3,3,0.5957236842105263
4,4,0.6175034867503487
