,folds,val_cindex
0,0,0.5959595959595959
1,1,0.6057298772169167
2,2,0.5179028132992327
3,3,0.6071179344033496
4,4,0.4882390336935791
