,folds,val_cindex
0,0,0.6390887290167866
1,1,0.6326086956521739
2,2,0.5833333333333334
3,3,0.6075085324232082
4,4,0.6137142857142858
