,folds,val_cindex
0,0,0.6235011990407674
1,1,0.5184782608695652
2,2,0.6345238095238095
3,3,0.6837315130830489
4,4,0.6651428571428571
