,folds,val_cindex
0,0,0.5407956844234659
1,1,0.49730820995962316
2,2,0.5833900612661674
3,3,0.4875
4,4,0.5718270571827058
