,folds,val_cindex
0,0,0.5846257585974376
1,1,0.5531628532974427
2,2,0.5908781484002723
3,3,0.5273026315789474
4,4,0.6185495118549512
