,folds,val_cindex
0,0,0.5738636363636364
1,1,0.582537517053206
2,2,0.4827365728900256
3,3,0.5806001395673412
4,4,0.5721551176096631
