,folds,val_cindex
0,0,0.5311750599520384
1,1,0.6597826086956522
2,2,0.5976190476190476
3,3,0.646188850967008
4,4,0.5291428571428571
