,folds,val_cindex
0,0,0.6044238683127572
1,1,0.5070422535211268
2,2,0.5141700404858299
3,3,0.6364503816793893
4,4,0.5597302504816956
