,folds,val_cindex
0,0,0.5372474747474747
1,1,0.5443383356070941
2,2,0.5396419437340153
3,3,0.4801116538729937
4,4,0.6369993642720916
