,folds,val_cindex
0,0,0.8271446862996159
1,1,0.792714657415438
2,2,0.8231165184838559
3,3,0.8367614879649891
4,4,0.7628913443830571
