,folds,val_cindex
0,0,0.5396090534979424
1,1,0.4475743348982786
2,2,0.507807981492192
3,3,0.46469465648854963
4,4,0.37090558766859344
