,folds,val_cindex
0,0,0.5498737373737373
1,1,0.4481582537517053
2,2,0.6317135549872123
3,3,0.5903698534542917
4,4,0.47361729179911
