,folds,val_cindex
0,0,0.381294964028777
1,1,0.4951086956521739
2,2,0.6642857142857143
3,3,0.42662116040955633
4,4,0.49885714285714283
