,folds,val_cindex
0,0,0.4856115107913669
1,1,0.633695652173913
2,2,0.6511904761904762
3,3,0.621160409556314
4,4,0.5954285714285714
