,folds,val_cindex
0,0,0.628343621399177
1,1,0.5427751695357329
2,2,0.46963562753036436
3,3,0.6168893129770993
4,4,0.6298169556840078
