Project,Project,Val C-Index (Mean),Val C-Index (STD),Val C-Index (CI),Val C-Index (Max),val_idx,C-Index (All),P-Value,95% CI,Val I-AUC (Mean),Val I-AUC (STD)
blca,blca,0.5668213320186417,0.03389995833915094,(0.530-0.615),0.6175034867503487,4,0.5544815936938627,0.3344969881952986,(0.000-0.000),0.5814811892663398,0.05636173403979424
brca,brca,0.5364506156441391,0.0740417890658495,(0.421-0.627),0.6334296724470135,4,0.5404608952788824,0.06113108225483934,(0.000-0.000),0.5486258205277796,0.0852962677004534
gbmlgg,gbmlgg,0.8119496572040192,0.0050217911880906865,(0.804-0.818),0.8181818181818182,0,0.8043320661303156,4.195151767649873e-28,(0.000-0.000),0.8490738442065601,0.017152527318161713
luad,luad,0.5777047492700698,0.03627766348254604,(0.533-0.631),0.6350314026517795,3,0.5812081234093388,0.029680877574966544,(0.000-0.000),0.580134739800837,0.04631114282933161
ucec,ucec,0.5616976384643879,0.05787136023265553,(0.496-0.631),0.6309523809523809,2,0.5496266618102349,0.07242816242486434,(0.000-0.000),0.5571189123679228,0.0710329558148268
