Project,Project,Val C-Index (Mean),Val C-Index (STD),Val C-Index (CI),Val C-Index (Max),val_idx,C-Index (All),P-Value,95% CI,Val I-AUC (Mean),Val I-AUC (STD)
blca,blca,0.6243423434351563,0.03417743431726453,(0.583-0.675),0.6786929884275017,2,0.6181998552162372,0.0008422345714155762,(0.000-0.000),0.6453242510015412,0.053392521048899695
brca,brca,0.5800682398698054,0.06917414042974757,(0.463-0.644),0.6466049382716049,0,0.5781584582441114,0.060524422744142575,(0.000-0.000),0.6011354497256437,0.06929278777171154
gbmlgg,gbmlgg,0.8174102503409871,0.02135570522960518,(0.791-0.843),0.8437636761487965,3,0.8061356201927328,8.981598578145574e-31,(0.000-0.000),0.8529667438118146,0.028492696360366852
luad,luad,0.6201180833816545,0.03248647652333402,(0.567-0.648),0.6489898989898989,0,0.6123720978548798,0.014398371845611052,(0.000-0.000),0.6363808616635167,0.043515128736246474
ucec,ucec,0.6219099151289699,0.019408554635655117,(0.599-0.651),0.6522781774580336,0,0.6060371517027864,0.0012976808202822612,(0.000-0.000),0.6314662973704831,0.018463407999823985
