,folds,val_cindex
0,0,0.8583013230900555
1,1,0.7400260190806591
2,2,0.8165652784277024
3,3,0.8424507658643327
4,4,0.759208103130755
