,folds,val_cindex
0,0,0.6522781774580336
1,1,0.5978260869565217
2,2,0.6130952380952381
3,3,0.6109215017064846
4,4,0.6354285714285715
