,folds,val_cindex
0,0,0.5921717171717171
1,1,0.582537517053206
2,2,0.5473145780051151
3,3,0.6350314026517795
4,4,0.5314685314685315
