,folds,val_cindex
0,0,0.6180555555555556
1,1,0.6541609822646658
2,2,0.5786445012787724
3,3,0.6406140963014655
4,4,0.48506039415130325
