,folds,val_cindex
0,0,0.5965909090909091
1,1,0.538881309686221
2,2,0.5108695652173914
3,3,0.5945568736915562
4,4,0.5136681500317863
