,folds,val_cindex
0,0,0.6311728395061729
1,1,0.5219092331768388
2,2,0.4144013880855986
3,3,0.6042461832061069
4,4,0.5842967244701349
