Project,Project,Val C-Index (Mean),Val C-Index (STD),Val C-Index (CI),Val C-Index (Max),val_idx,C-Index (All),P-Value,95% CI,Val I-AUC (Mean),Val I-AUC (STD)
blca,blca,0.540659065583207,0.015722109649043383,(0.517-0.554),0.5542763157894737,3,0.5403651768238732,0.0833715906941404,(0.000-0.000),0.5365849338684774,0.028318589004781677
brca,brca,0.46611832280911114,0.057533097230477497,(0.379-0.536),0.5396090534979424,0,0.5070052003670847,0.9831652703847644,(0.000-0.000),0.47551589952827894,0.07128829299132033
gbmlgg,gbmlgg,0.5983697545773718,0.05405980899347117,(0.535-0.674),0.6781181619256017,3,0.5676155954380692,0.027888870403819002,(0.000-0.000),0.6267596516833976,0.06050541930592998
luad,luad,0.5387465382732113,0.06910818108681897,(0.451-0.628),0.6317135549872123,2,0.5362800602503506,0.6241568474328985,(0.000-0.000),0.5399033559931687,0.08563468263123966
ucec,ucec,0.4932335354466728,0.09618881572288082,(0.386-0.648),0.6642857142857143,2,0.48502094336186485,0.6602741303973951,(0.000-0.000),0.4759314930931251,0.1171420776175777
