,folds,val_cindex
0,0,0.5151719487525287
1,1,0.5531628532974427
2,2,0.5513955071477196
3,3,0.5542763157894737
4,4,0.5292887029288703
