,folds,val_cindex
0,0,0.8130601792573624
1,1,0.810928013876843
2,2,0.812821712681329
3,3,0.812691466083151
4,4,0.7767034990791897
