,folds,val_cindex
0,0,0.648989898989899
1,1,0.6057298772169167
2,2,0.5626598465473146
3,3,0.639218422889044
4,4,0.6439923712650986
