,folds,val_cindex
0,0,0.5516975308641975
1,1,0.46426708398539385
2,2,0.4626951995373048
3,3,0.6340648854961832
4,4,0.6100674373795761
