,folds,val_cindex
0,0,0.7516005121638925
1,1,0.699479618386817
2,2,0.6981750116986429
3,3,0.7518599562363238
4,4,0.7665745856353591
