,folds,val_cindex
0,0,0.50917626973965
1,1,0.4841717259323504
2,2,0.5021057557323351
3,3,0.5142231947483589
4,4,0.47951197053406996
