,folds,val_cindex
0,0,0.6419120785317969
1,1,0.5320901994796184
2,2,0.5568554047730463
3,3,0.6781181619256017
4,4,0.5828729281767956
