,folds,val_cindex
0,0,0.6365475387727579
1,1,0.6440107671601615
2,2,0.6310415248468346
3,3,0.5911184210526316
4,4,0.5216178521617852
