,folds,val_cindex
0,0,0.6609848484848485
1,1,0.619031377899045
2,2,0.59846547314578
3,3,0.6217725052337753
4,4,0.5791481246026701
