,folds,val_cindex
0,0,0.6466049382716049
1,1,0.45122587376108503
2,2,0.5691150954308849
3,3,0.6235687022900763
4,4,0.6098265895953757
