,folds,val_cindex
0,0,0.8019632949210413
1,1,0.790112749349523
2,2,0.8408984557791296
3,3,0.8437636761487965
4,4,0.8103130755064457
