,folds,val_cindex
0,0,0.625
1,1,0.5238744884038199
2,2,0.45971867007672634
3,3,0.6043265875785067
4,4,0.5835982199618563
