,folds,val_cindex
0,0,0.78531796841656
1,1,0.735906331309627
2,2,0.7950397753860552
3,3,0.8192560175054705
4,4,0.7992633517495396
