Project,Project,Val C-Index (Mean),Val C-Index (STD),Val C-Index (CI),Val C-Index (Max),val_idx,C-Index (All),P-Value,95% CI,Val I-AUC (Mean),Val I-AUC (STD)
blca,blca,0.5749037807458103,0.03160121658316337,(0.530-0.616),0.6185495118549512,4,0.5620559294313215,0.1496916498791934,(0.000-0.000),0.5798272688181197,0.04160397177523551
brca,brca,0.5774921374252763,0.06279202506015095,(0.477-0.630),0.6298169556840078,4,0.5727337615988579,0.0076517756252834695,(0.000-0.000),0.5923630478366941,0.07522997469207908
gbmlgg,gbmlgg,0.8130250192504663,0.02165320758162119,(0.782-0.839),0.8390951771233461,0,0.8103792768101847,2.5887196072173656e-31,(0.000-0.000),0.8480669595725917,0.03348062100139055
luad,luad,0.5509133615435727,0.03775361222245827,(0.511-0.596),0.5965909090909091,0,0.556445748714486,0.4955333706982693,(0.000-0.000),0.5492457663679079,0.04743268615216267
ucec,ucec,0.5863453991509695,0.03609675998329511,(0.544-0.645),0.6511904761904762,2,0.5755782189036606,0.026921364151144947,(0.000-0.000),0.5942643947320916,0.03885618662785459
