,folds,val_cindex
0,0,0.4556354916067146
1,1,0.6402173913043478
2,2,0.6261904761904762
3,3,0.6791808873720137
4,4,0.5885714285714285
