,folds,val_cindex
0,0,0.6176668914362778
1,1,0.5780619111709286
2,2,0.6814159292035398
3,3,0.56875
4,4,0.5753138075313807
