,folds,val_cindex
0,0,0.5407673860911271
1,1,0.5869565217391305
2,2,0.6511904761904762
3,3,0.5722411831626849
4,4,0.5805714285714285
