,folds,val_cindex
0,0,0.47016460905349794
1,1,0.5618153364632238
2,2,0.5668016194331984
3,3,0.5472328244274809
4,4,0.4735067437379576
