,folds,val_cindex
0,0,0.4911616161616162
1,1,0.49147339699863574
2,2,0.4859335038363171
3,3,0.5097697138869505
4,4,0.5
