,folds,val_cindex
0,0,0.655428186109238
1,1,0.522207267833109
2,2,0.6535057862491491
3,3,0.5993421052631579
4,4,0.6227336122733612
