,folds,val_cindex
0,0,0.5236625514403292
1,1,0.5059989567031821
2,2,0.48062463851937537
3,3,0.5302958015267175
4,4,0.5671965317919075
