,folds,val_cindex
0,0,0.6306954436450839
1,1,0.5195652173913043
2,2,0.6309523809523809
3,3,0.5335608646188851
4,4,0.4937142857142857
